{
  "variant": "simpler_arch",
  "best_eval_reward": -138.14472346112854,
  "final_avg_reward": -161.07222019372958,
  "training_time_minutes": 26.605526208877563,
  "episode_rewards": [
    -637.0906781160303,
    -641.2273714233248,
    -10.256534467453436,
    0.0,
    0.0,
    -25.13219926776706,
    -351.2223433484331,
    0.0,
    -1211.1844167448512,
    -790.455117612819,
    0.0,
    0.0,
    0.0,
    -196.9567781416628,
    0.0,
    -1476.2437833992647,
    0.0,
    -1386.5338412172807,
    -781.4583129256656,
    -786.0588049514514,
    0.0,
    -878.9445294525563,
    -22.659746365487045,
    -363.10772907438576,
    0.0,
    -628.5210510405097,
    -67.5823936787688,
    -125.55043947473747,
    -221.32049718507767,
    -471.60416907771634,
    -531.8600233007089,
    46.45379722673917,
    -523.7874999608174,
    0.0,
    -90.66368571856788,
    -33.87262152952707,
    0.0,
    19.838979788912116,
    0.0,
    0.0,
    -484.9399656009752,
    -571.080150066013,
    -111.93918255423307,
    0.0,
    9.556208156186996,
    0.0,
    -3.6438844077162473,
    0.0,
    0.0,
    -779.7162895621016,
    0.0,
    -260.1307396776996,
    -242.10953988172565,
    -507.68938068575466,
    0.0,
    -722.0090252204539,
    -429.94037732803145,
    -750.1102443462548,
    -391.86830869523845,
    0.0,
    0.0,
    -960.3013711719849,
    -441.1828624982825,
    -1285.2010414514725,
    -260.44376636353024,
    0.0,
    -1125.8417947625182,
    -1437.2865936046178,
    -1173.5864607436883,
    -594.947258439264,
    -815.4647291827364,
    -1400.4397882398648,
    -798.8938925910741,
    -1231.069405905838,
    -90.88817183984752,
    -759.5057952456256,
    -1454.7721631225536,
    -1730.0306348734732,
    -1415.5393981415732,
    -859.9052453801918,
    -617.5166732962541,
    -911.1553728309356,
    -1279.1221756656746,
    -1559.5711040440779,
    -1473.9261779570388,
    -1472.8662864347864,
    -1574.0646118852742,
    -1589.00032554366,
    -225.84965296998925,
    -1543.3761091283543,
    -1677.280902901086,
    -1113.8472376640016,
    -1200.3734284382456,
    -741.3193847585305,
    -956.6666985471096,
    -782.8743435142391,
    -645.2076050588432,
    -841.3251001214549,
    -1295.2111771753737,
    -887.2208272646815,
    24.574061295829804,
    -391.5229594678772,
    -955.8922339834226,
    -1295.8245645250713,
    -884.5951625021037,
    -37.24758332665484,
    -686.8035296330912,
    -1085.5566107945956,
    -1745.611405549053,
    -1011.4696365784308,
    -840.775558838642,
    -769.6357657205714,
    -819.3101334383686,
    -863.2257567633068,
    -909.4659593182527,
    -876.8760667474758,
    -744.8466682641147,
    -1625.8748199434538,
    -945.0976329606223,
    -396.8442095730354,
    -1517.3723970315355,
    -1142.0106600890454,
    -544.1870935803614,
    -622.2707631915054,
    -1491.5959923239468,
    -749.5264573096179,
    -629.2516814437495,
    -731.7077651076306,
    -761.5428984750023,
    -924.5366981336716,
    -1092.0515948309458,
    0.0,
    -744.9292406645693,
    -769.0406455646813,
    -549.8888699216295,
    0.0,
    -915.6632659518152,
    -1.4482424249200632,
    -645.2821995457879,
    -1694.665129376566,
    -456.10103749447535,
    -534.9405225974984,
    -790.5720613868056,
    -963.5266575518607,
    -853.4877591504028,
    -1061.6544313106197,
    -509.23880681578544,
    -987.6059076738065,
    -297.1810832466483,
    -675.9925144745534,
    -724.6561280462898,
    -566.9050447722326,
    -327.23599852114984,
    -1700.0101998877553,
    -574.8547564645129,
    -1719.295152469204,
    -1678.164081702949,
    -1709.389082349405,
    -1497.8825952536388,
    -40.134128384065875,
    -1718.219135754616,
    -592.2000317615169,
    -1745.5023007031764,
    -1416.873362975568,
    -1603.0247739593278,
    -233.19258729499586,
    -94.2760926607961,
    0.0,
    -774.3712940635805,
    -1133.5916669589797,
    0.0,
    -740.7354334644584,
    -1486.3590130618109,
    -1469.313777905677,
    0.0,
    -1675.4450564611782,
    -271.3849914256301,
    -1242.8953899638861,
    -1040.2012429954239,
    -1202.1214837145026,
    0.0,
    -1166.2075720981265,
    -343.0972755137302,
    -44.16905153519159,
    0.0,
    -1321.3085262938748,
    -185.78951880824104,
    -1493.1119937402468,
    -184.95822065322008,
    -1244.1194390367177,
    0.0,
    -1624.2673209947507,
    -14.405543087463352,
    0.0,
    -1083.5997419966948,
    -647.273307661476,
    -642.2012173157402,
    -756.3929680654428,
    -169.61000002605596,
    -865.6774295495418,
    -1658.7316600057197,
    -1566.782155943008,
    -678.5700697017094,
    -1695.303731157517,
    -792.4905733624557,
    -1554.614171858379,
    -355.6704710577122,
    -1602.6180938402872,
    -1735.250730793954,
    -1452.9817462373485,
    -1566.1198325372636,
    -1033.5064703351322,
    -597.7252277992608,
    -1746.137620078076,
    -1564.1607132885615,
    -1677.8418581181231,
    -1656.575318103354,
    -1054.4591485936742,
    -1383.0820121262154,
    -8.857351420270042,
    -1415.8582014437393,
    -1527.3564375450246,
    -1131.2175421864058,
    -1612.298611111301,
    -1413.308681282281,
    -553.3042865816935,
    -1022.0251416070106,
    -666.9015532263379,
    -1580.9604735572898,
    -989.9464896759341,
    -1003.4534977273012,
    -1018.3480343331827,
    -1347.3140981848424,
    -1270.835169022363,
    -1543.846196057284,
    -76.51069559971727,
    -1262.6109845403898,
    -1401.7443542468816,
    -1125.3042873321083,
    -508.41967086899797,
    -1301.9730591565467,
    -1387.1650217248425,
    -1315.1721174538209,
    -1350.0838894690337,
    -1372.2764644125991,
    -634.930440180255,
    -1562.238042224872,
    -1508.2708501791285,
    -1543.4688908539829,
    -1525.3201421791646,
    -1638.5125754049227,
    -752.5937356217378,
    -1332.5686885709747,
    -1049.091215736207,
    -1364.6790253862205,
    -1246.8531603968895,
    -1509.1250032621188,
    -910.1934240761441,
    -1179.8045791416448,
    -1356.8574861892619,
    -1156.8007462482515,
    -1067.220685037884,
    -1077.2506570625608,
    -992.1382017070222,
    -1125.164300685969,
    -1351.992765961802,
    -908.9342829683507,
    -977.0252232119255,
    -699.778232453678,
    -1295.9910208074255,
    -1226.9367722462916,
    -1064.7900272778613,
    -848.8816972813684,
    -65.80822577935993,
    0.0,
    -1384.4093328611789,
    -1093.2806360672862,
    -1256.0357532012415,
    -1421.5866426652833,
    -637.3624554309538,
    -1084.7554835997028,
    -1324.4973450573525,
    -1324.8524805924797,
    -677.9472995387208,
    -874.4952086565085,
    -1233.2946208046965,
    -575.5364480217748,
    -223.52073138651943,
    -596.5672208012893,
    -1180.402483518295,
    -1431.978146994521,
    -555.5959772982483,
    -963.8267582485271,
    -1070.4723537158222,
    -874.1329963600299,
    -1105.9985696857113,
    -1249.173823788276,
    -900.9037524374639,
    -1181.231573264962,
    -1383.370499057071,
    -1321.859608741495,
    -875.7649851623744,
    0.0,
    -857.2683259335244,
    -1281.7850291794114,
    -858.2480475456213,
    -841.551823697243,
    -116.54079717008072,
    -1553.3901015073282,
    -1388.8820883813385,
    -635.4765891393763,
    -873.6937690853352,
    -562.8601668018362,
    0.0,
    -859.0606751527962,
    -427.8985804127288,
    -996.7375665820891,
    -576.0826147361558,
    -757.2092107707604,
    -170.520932352721,
    0.0,
    -39.627781350426496,
    -1243.7647691985662,
    -901.4150173363323,
    -855.9162594109473,
    -295.18337061571395,
    -368.87247930383455,
    -1061.0369093437544,
    -786.328791404413,
