{
  "variant": "no_temporal",
  "best_eval_reward": -5.198490068727667,
  "final_avg_reward": -300.62026966678053,
  "training_time_minutes": 98.64659751653672,
  "episode_rewards": [
    0.0,
    -1033.8662332201989,
    -103.82663298990909,
    -881.4026691727036,
    -434.70271666665025,
    -436.7968381829903,
    -132.80573702179632,
    0.0,
    0.0,
    -53.857744779583584,
    -892.1925812968014,
    -836.007876836159,
    -894.1386445771029,
    -918.6986049034864,
    -866.9713396826088,
    -1596.915626057905,
    -856.4935443858365,
    -1055.2362507501095,
    -846.2999407030766,
    -866.5386397382757,
    -849.0784370484735,
    -898.3017429511957,
    -839.3478750787549,
    -837.7061321072968,
    -844.7263784590646,
    -845.0534216828428,
    -308.59761455396506,
    -904.4474519536093,
    -744.3582469974796,
    -265.32309491093065,
    -907.869526346389,
    -907.9802589222795,
    -0.8986809257363615,
    -394.6343446268802,
    -808.5903807621412,
    -782.8787846172415,
    -857.6999740781159,
    -830.2279902437616,
    0.0,
    -915.9187121616382,
    -799.8986209427443,
    -302.60787203061807,
    -883.1101472650514,
    -780.5743988593578,
    -885.2477168059653,
    -32.28051927720996,
    -255.41569818032576,
    -987.8148301016046,
    -880.1268501514743,
    -657.1816656564814,
    -923.3214444915193,
    -842.463277780752,
    -612.2673831213428,
    -886.4693858742977,
    -674.5903885905248,
    -906.5025715194841,
    -938.5878247175606,
    -71.91750436715712,
    -826.5266268485258,
    -90.37711597658274,
    -769.7114728099006,
    -908.1679723270918,
    -904.7473683414726,
    -252.48951927664083,
    -185.40246554468325,
    -452.5823498984578,
    -292.80763281402966,
    -518.1494829895291,
    -204.84984779053343,
    -763.1080911518953,
    -831.1127714695541,
    -204.39148935449282,
    -883.182477935927,
    -822.9452072568372,
    12.886156020059436,
    -441.81495117489624,
    -777.623968474524,
    -375.77925340938793,
    -882.0884002441379,
    -199.0250441150029,
    -838.5792718928982,
    -242.23808349140975,
    -887.9323449156885,
    -878.9078724018078,
    -1003.9697199872305,
    -877.0159654875747,
    0.0,
    -910.0149056489972,
    0.0,
    -910.7707452819445,
    -797.0734265016958,
    -780.4162008351399,
    -537.1449837642349,
    -715.5226473732333,
    -742.7395492035722,
    -151.0536214276447,
    -815.8822801441279,
    -850.4007922346887,
    -912.6454004578858,
    -893.6462804439436,
    -852.567443097672,
    -854.1262262208702,
    -489.3634572976013,
    -217.58178251046945,
    -908.8566774845606,
    -928.0153917224477,
    -196.85936811656265,
    -690.6122323766872,
    -697.0519931450004,
    -87.23693575924091,
    -830.6421830369725,
    -54.9554748001524,
    10.0,
    -213.90323428305038,
    -615.1452514275676,
    -248.3344023911772,
    -965.1349400657576,
    -1150.015893994726,
    -896.5821843928759,
    -168.71475445083726,
    -596.8798958029857,
    -748.8201652983299,
    -307.93371151614696,
    -578.0124594230806,
    -1021.3026875794842,
    -658.2326360185002,
    -489.0960793940545,
    -946.6239719498686,
    -1022.4900236139738,
    -29.23083264949404,
    -1033.4295253556547,
    -684.3331008233602,
    -957.1950401045214,
    -491.9346510355039,
    -552.7873516279981,
    -601.7562655502957,
    -180.28915140678578,
    0.0,
    0.0,
    -222.33054565468203,
    -863.0259642926509,
    -1045.1798653888775,
    -107.00680295155675,
    -861.6481279002912,
    -134.85349386353616,
    -385.87005336138816,
    -351.5610018451977,
    -395.8251765249537,
    -817.2065850293593,
    -95.50235179384232,
    -1.2792714187947085,
    -800.0709351290096,
    -551.1013095666374,
    -690.160907076043,
    -24.12851376620008,
    -797.6453291811804,
    -792.8119754637535,
    -6.761405084227552,
    0.0,
    -491.7196326837613,
    -815.9820141368781,
    0.0,
    -186.6143829180461,
    -398.14752657544955,
    0.0,
    -937.7736324896653,
    0.0,
    0.0,
    -879.670884503465,
    -39.24141601944525,
    -80.52439394053755,
    -1058.034165248821,
    -1049.6728584963003,
    -641.4434598275218,
    -190.73427660586327,
    -546.585975142052,
    -80.95450993057581,
    -1260.0192900472507,
    -1208.2197331045709,
    -99.4658563114113,
    -164.03981619683756,
    -1371.6836304324643,
    -760.1874340747568,
    -452.23911722672153,
    -333.3577590501434,
    20.0,
    -1261.210888128966,
    -252.77905715504946,
    -588.7104667224704,
    -649.905307917321,
    -437.208935242592,
    -1098.0260318249407,
    -1569.5693975009578,
    -817.2545478893344,
    20.0,
    -465.49432803306314,
    -155.2719498262034,
    21.666859580319745,
    -101.49868247846264,
    -861.977286089218,
    -1392.469634456291,
    -3.2370736622422527,
    0.0,
    -96.520993879442,
    0.0,
    -568.8466551929245,
    -13.754832766333095,
    -0.7136189633812706,
    20.0,
    -52.16688049826809,
    60.0,
    -102.60994028976828,
    -571.2480911742766,
    -709.1773519050267,
    -422.80971569838795,
    -13.169898184258859,
    -142.32832006742552,
    43.71563562332717,
    -599.3804916004299,
    -484.2976926378572,
    -564.8193374605399,
    -13.5802882003896,
    30.0,
    -1377.2207043064411,
    -556.4568035266906,
    2.2719898792073527,
    -1282.7936785027587,
    -707.2080395720071,
    -165.1129937987996,
    60.0,
    0.0,
    -35.493286772492944,
    -636.5880162916935,
    -7.5592492848577315,
    0.0,
    -844.8849298741179,
    -415.24318328770016,
    140.0,
    -876.1886039846154,
    -620.6977889572137,
    0.0,
    -366.9782094919674,
    -311.3791065541775,
    -722.9110528698978,
    -105.75510227446036,
    -336.56184023120585,
    0.0,
    -32.611001609278254,
    -11.006148203383162,
    -856.0958018902611,
    -808.5523657788974,
    -768.5688312039026,
    -153.5155935776564,
    -617.0906293833415,
    0.0,
    -11.51264090019727,
    -5.695935508998482,
    52.337531783765996,
    30.0,
    0.0,
    6.075676206700271,
    -231.26485960110847,
    0.0,
    70.0,
    -82.95433438953832,
    -519.6075793899706,
    24.404682476531352,
    30.0,
    70.0,
    30.0,
    28.53428688037473,
    -10.651105418746045,
    -433.69748709383117,
    0.0,
    -0.016179693301313636,
    0.0,
    0.0,
    150.0,
    0.0,
    -11.206777235632451,
    30.0,
    0.0,
    -0.5670890231679193,
    -180.24635732855722,
    67.89228851766009,
    0.0,
    0.0,
    0.0,
    0.0,
    0.0,
    -66.54534252844668,
    -15.883706191910866,
    -6.772446854769989,
    0.0,
    -0.4936253113232658,
    0.0,
    -24.50004924672065,
    -153.4632592711926,
    -211.33562279006446,
    0.0,
    -322.1078857286346,
    0.0,
    -99.94498727848719,
    50.0,
    -100.45826855007829,
    -1.3018600092644372,
    -581.8184059087033,
    110.0,
    -1439.3369813194295,
    90.0,
    190.0,
    11.277128512453324,
    -103.61762208393345,
    -75.54916918514226,
    0.0,
    -158.9474005318244,
    27.561208836288387,
    40.0,
    -535.6906004493364,
    0.0,
    0.0,
    -391.8825858837687,
    -0.46666966659356324,
    -868.6679598888267,
    -989.9888986169237,
    310.0,
    0.0,
    66.44665684604773,
    -43.8383055729762,
    80.0,
    50.0,
    -487.0911370768957,
    -153.3256146749489,
    -1301.2982789805078,
    40.0,
    -524.3327431620203,
    -121.01357654607645,
    -30.547109119231987,
    -720.4338503319833,
    -315.2535807218807,
    -1112.365749119864,
    30.0,
    -100.95078584820898,
    -18.66141678569205,
    -323.7815587435609,
    -3.4984243869558567,
    -1523.058150944486,
