{
  "variant": "decentralized",
  "best_eval_reward": 79.04745545837199,
  "final_avg_reward": 31.41006737490267,
  "training_time_minutes": 90.14787114063898,
  "episode_rewards": [
    -173.26786560944487,
    -1144.1205416253013,
    -1206.2062558749694,
    -1085.1656692084782,
    -1101.3929467515834,
    -1613.2024433634829,
    -1242.7251555997357,
    -1235.7105185664882,
    -1198.5002259612834,
    -614.2869414580643,
    -989.4344791908744,
    -1124.7511384822276,
    -1636.5562111125137,
    -564.481352936315,
    0.0,
    -680.1070460582179,
    -671.2091429837861,
    -614.2732800734061,
    -800.2425210504862,
    -719.9813514572415,
    -1150.7698481275413,
    -1180.6904903117168,
    -1233.822828414156,
    -1496.50108388556,
    -1096.8294878388695,
    -436.4931267969845,
    -722.3248258058254,
    -298.1294582040416,
    -866.261209886596,
    -1003.2941290103162,
    -770.2909089158491,
    -741.8861447410177,
    -65.80190908845087,
    -465.9613813694777,
    -899.9399731771978,
    -634.701453074533,
    -283.22338279957177,
    -1417.361402447682,
    -374.31620752082125,
    -1.5041628887764675,
    -953.2868709939748,
    -346.7678190422437,
    -603.1937232320358,
    -584.3310507220297,
    -733.935942131295,
    -274.73782109000996,
    -883.8970806651851,
    -926.5662871637002,
    -879.0825242019931,
    -668.2073250934387,
    -715.6152679976043,
    -346.2414173072054,
    -658.6800273458024,
    -1119.8078818383322,
    -886.7855693514176,
    -322.7910393543007,
    -76.92402334301634,
    -701.5299747140275,
    -604.498210179686,
    -80.91504043389052,
    -331.49551258354404,
    -1173.1307218605896,
    -741.5078258924109,
    -485.6707292941968,
    -137.01561524881592,
    -759.5238533754487,
    0.0,
    -291.72539435516825,
    -691.8848854150848,
    -1087.3219709114596,
    -816.4900060185943,
    -904.9482893172648,
    -740.9512314285762,
    -544.5552260950345,
    0.0,
    -267.5349412362907,
    -739.0801139053701,
    -726.3798279425761,
    -5.539628450805121,
    -48.54433390942747,
    -172.46960040391667,
    -698.9704539930511,
    -216.3790069858099,
    -556.4162578024387,
    0.0,
    -920.9822699380526,
    -855.2848559909692,
    -513.5038557957404,
    -1550.6703636723887,
    -797.1428340074681,
    -975.5377393324164,
    -613.3833448220515,
    -220.8570390596979,
    -884.1411489978977,
    -621.6075543626421,
    -727.4838535954709,
    -772.7248584694854,
    -1133.8729314570055,
    -724.5688234715838,
    -1000.2222689923431,
    -129.38275650706885,
    -131.8453306767864,
    -165.37080416295947,
    -921.156593612789,
    -555.8634140751058,
    -37.82948020934648,
    -778.0844092532387,
    -1045.5858937336147,
    -740.8559830164738,
    -789.5436511392282,
    -649.1820754123451,
    -850.9658912892924,
    -803.8532540969184,
    -801.2753844171436,
    -596.1593674825505,
    -748.4961089829397,
    -303.92084887360056,
    -558.3683258790519,
    -275.8825596435485,
    -375.07269353533724,
    -835.5118535953209,
    -272.0212483796531,
    -736.0824908592353,
    -611.5740312865806,
    -581.5898744915404,
    -774.8716732601083,
    -47.29862695479472,
    -139.3962668058286,
    -843.0233504559299,
    -42.16589375217756,
    -206.31167866999039,
    -511.7478282482565,
    -595.9913735160344,
    -619.7934185078229,
    -573.3771707254009,
    -316.5947151850923,
    -263.3267334353734,
    -874.2996259871127,
    -654.7295788547984,
    -45.637575876696246,
    -1229.9235133420443,
    -41.57453099537516,
    -969.0639169865443,
    -175.45799288299074,
    8.868748435825633,
    -353.5590033826891,
    -830.4947410954464,
    -96.53304245678589,
    -150.83980757621853,
    -185.92225000950805,
    -100.33818235838815,
    -0.54793054146269,
    -46.153074833005945,
    -101.65254257122186,
    -81.9478984519621,
    -99.21411477387065,
    -75.66452744692181,
    -62.57039014256002,
    -10.65934745149842,
    -192.81096500975676,
    -32.24477711425602,
    -106.50757427890368,
    -58.263245504544116,
    -132.56499638775276,
    -91.56992225761624,
    -163.61807536443686,
    -50.809343060803826,
    -252.59191670569635,
    -76.89265950972928,
    -160.44128539385838,
    -89.19906521566787,
    -125.2481070531315,
    -650.172560541922,
    -118.20101929417923,
    -138.90313685540147,
    -83.89488606238068,
    -95.48073395501589,
    -183.8298645201539,
    -104.0088195641613,
    16.304923653985394,
    40.0,
    -30.282629204501784,
    -53.53049006423851,
    -115.7748886640914,
    -52.69354100021,
    -480.58538714930324,
    -121.66289003573286,
    20.0,
    -72.60250992733285,
    -113.85878102113553,
    -399.7127779482495,
    -115.61463973594903,
    -482.74289740453395,
    -67.94027854827199,
    -44.10334204382107,
    0.0,
    -603.3069562815937,
    -96.59228610398124,
    -886.1402331364153,
    -706.8097270255674,
    -19.414315975561763,
    -0.7728081009424181,
    -1113.3519058169702,
    -117.32930654201495,
    -262.25894575250476,
    -43.727768484810554,
    -94.98815424877633,
    -766.5264036857445,
    -21.145427935754107,
    -126.04456242005166,
    -7.031853396691418,
    0.0,
    -0.556298069020581,
    -3.8821845189866586,
    -162.44408589843113,
    -196.23860865028263,
    0.0,
    -101.8876931964728,
    -27.87015525279093,
    10.0,
    -297.5402316480107,
    -0.901546873040886,
    0.0,
    0.0,
    0.0,
    0.0,
    -95.75431644950315,
    -72.21209650160611,
    -2.3829478397852766,
    -26.818820013229622,
    -114.46951587111963,
    -294.0520747399544,
    0.0,
    0.0,
    -173.29953494650306,
    -9.475963272971747,
    -185.98364657736388,
    0.0,
    -645.087619960085,
    0.0,
    -138.1407487670405,
    -5.770537532206534,
    -143.06910050704843,
    -234.19914000020896,
    -816.5476605964611,
    -552.4939068992461,
    -47.86674708663907,
    -201.81498602941915,
    -330.39268526469135,
    -135.2948219086524,
    -104.15367519030733,
    -239.06264189177386,
    0.0,
    -0.824780727570068,
    -124.71496596536963,
    19.508833238894372,
    -264.22062147242923,
    0.0,
    -394.32494178868257,
    -116.2481571147104,
    -128.15002876023922,
    0.0,
    -135.8982604782692,
    0.0,
    -6.479731852994269,
    -96.1263057848993,
    50.0,
    -0.6626863401080929,
    0.0,
    -1.1723106350730494,
    79.21492236454914,
    -13.091544605597967,
    -0.33445491724493626,
    27.743909211427194,
    -343.55687870011445,
    350.0,
    -0.1843194123599956,
    130.0,
    -0.17807453378966165,
    0.0,
    0.0,
    0.0,
    30.0,
    -16.136636005359822,
    -6.837989632659307,
    21.808380885893992,
    0.0,
    0.0,
    50.0,
    -9.43818861523069,
    30.0,
    30.0,
    30.0,
    0.0,
    0.0,
    280.0,
    0.0,
    0.0,
    18.996644511893777,
    20.0,
    -2.999052123222863,
    0.0,
    0.0,
    0.0,
    30.0,
    30.0,
    -8.879015126753933,
    169.7706243626756,
    490.0,
    0.0,
    0.0,
    28.741035133658272,
    100.0,
    0.0,
    60.0,
    10.0,
    0.0,
    -1.027375850387043,
    26.644956109741347,
    -16.65099894376598,
    -1.8280340436085762,
    40.0,
    0.0,
    -130.20885610485738,
    28.67501672438238,
    34.01729420908593,
    130.0,
    55.96668842219936,
    240.0,
    -1.2705184862746932,
    270.0,
    59.62553824207133,
    90.0,
    -72.3963162601049,
    149.87702791734458,
    198.9265777445408,
    110.0,
    -2.512271969315305,
    245.53663757205064,
    30.0,
    300.0,
    132.1760705086799,
    29.403965371095733,
    120.0,
    78.80468628622259,
    26.57782916522057,
    -16.865150325173055,
