{
  "experiment_info": {
    "policy": "Random",
    "n_episodes": 10,
    "state_dim": 38,
    "action_dim": 4,
    "n_agents": 3,
    "timestamp": "20251113_001540"
  },
  "env_config": {
    "n_agents": 3,
    "n_users": 10,
    "dt": 1.0,
    "area_size": 1000.0,
    "c1": 0.000926,
    "c2": 2250.0,
    "bandwidth": 1000000.0,
    "noise_power": 1e-10,
    "alpha_delay": 1.0,
    "beta_energy": 1e-06,
    "gamma_eff": 1000.0
  },
  "summary_statistics": {
    "rewards": {
      "mean": 423504901.7010499,
      "std": 77927042.00863566,
      "min": 299567881.7123468,
      "max": 563697753.2611947,
      "all_values": [
        563697753.2611947,
        500092465.32016635,
        372847025.1794396,
        328053579.2533827,
        464483673.0035728,
        402034420.7634652,
        299567881.7123468,
        373391078.14978504,
        465166019.75368905,
        465715120.6134566
      ]
    },
    "delays": {
      "mean": 37.994535064858624,
      "std": 9.12189618244058,
      "min": 24.017610011490106,
      "max": 56.028231388425034,
      "all_values": [
        47.07562877952557,
        56.028231388425034,
        43.717897971150634,
        24.017610011490106,
        38.817648532123954,
        37.908358993759734,
        27.360887804512604,
        29.088723840465065,
        39.23473347836339,
        36.69562984877013
      ]
    },
    "energies": {
      "mean": 675000.3410280955,
      "std": 0.027001844277238035,
      "min": 675000.2945276917,
      "max": 675000.3768330708,
      "all_values": [
        675000.3768330708,
        675000.3085442218,
        675000.2945276917,
        675000.3662463328,
        675000.3628305369,
        675000.3294959512,
        675000.3098397919,
        675000.3496125124,
        675000.3515967657,
        675000.3607540809
      ]
    }
  }
}