{
  "experiment_info": {
    "policy": "Random",
    "n_episodes": 10,
    "state_dim": 38,
    "action_dim": 4,
    "n_agents": 3,
    "timestamp": "20251113_001636"
  },
  "env_config": {
    "n_agents": 3,
    "n_users": 10,
    "dt": 1.0,
    "area_size": 1000.0,
    "c1": 0.000926,
    "c2": 2250.0,
    "bandwidth": 1000000.0,
    "noise_power": 1e-10,
    "alpha_delay": 1.0,
    "beta_energy": 1e-06,
    "gamma_eff": 1000.0
  },
  "summary_statistics": {
    "rewards": {
      "mean": 396315258.4162183,
      "std": 103482424.47271875,
      "min": 198622867.07512704,
      "max": 575423561.5996089,
      "all_values": [
        575423561.5996089,
        441772885.3706113,
        444702345.1501766,
        198622867.07512704,
        373617818.55356264,
        377173645.2799924,
        463297652.31142306,
        308677787.3840576,
        485812967.17067605,
        294051054.2669472
      ]
    },
    "delays": {
      "mean": 34.21970604616561,
      "std": 9.175431340424351,
      "min": 13.39045943110646,
      "max": 47.59675489968917,
      "all_values": [
        47.59675489968917,
        41.53661617633362,
        35.51454971275089,
        13.39045943110646,
        35.724167803294314,
        30.918393683459165,
        39.392533757071185,
        25.572421223140502,
        41.31143620880973,
        31.239727566001136
      ]
    },
    "energies": {
      "mean": 675000.3398382484,
      "std": 0.025077299793737906,
      "min": 675000.2961755305,
      "max": 675000.3918801199,
      "all_values": [
        675000.3918801199,
        675000.3372387019,
        675000.3579230089,
        675000.3298326517,
        675000.3212427096,
        675000.3355446202,
        675000.330651008,
        675000.3312635117,
        675000.3666306233,
        675000.2961755305
      ]
    }
  }
}