{
  "variant": "no_gat",
  "best_eval_reward": -27.547449752491087,
  "final_avg_reward": -39.78482377576691,
  "training_time_minutes": 1259.7309133529664,
  "episode_rewards": [
    -120.90062286937254,
    -73.22344220133571,
    -362.6001976336661,
    0.0,
    0.0,
    20.0,
    19.338736062117658,
    -4.129466254901764,
    -833.171254025984,
    0.0,
    0.0,
    -11.37478075828069,
    -102.34570170385825,
    0.0,
    -302.00761890726386,
    0.0,
    20.0,
    0.0,
    0.0,
    0.0,
    0.0,
    0.0,
    10.0,
    0.0,
    0.0,
    -518.8535247188424,
    -781.702332804893,
    -191.42981197106292,
    0.0,
    -777.1164008268719,
    0.0,
    -767.0431773877057,
    -912.557604819616,
    -3.3657470152159057,
    -860.8992690721823,
    -878.4286369262246,
    -464.51185340810923,
    0.0,
    -545.6269765804258,
    0.0,
    0.0,
    0.0,
    -74.78424555264593,
    -46.17615196235391,
    0.0,
    30.0,
    0.0,
    -159.28054902127337,
    -187.40026976893805,
    -66.56341173571309,
    0.0,
    -847.2455444169866,
    0.0,
    -81.06946651776522,
    0.0,
    0.0,
    0.0,
    -102.42380157028023,
    -349.8658343786195,
    -0.013272530563609442,
    0.0,
    0.0,
    -243.59196834952354,
    -735.5861357238579,
    -277.19356814173017,
    0.0,
    0.0,
    -46.79696308029515,
    -205.5868404571189,
    -168.60793407778337,
    -67.88141836406147,
    -65.48007606874758,
    -90.11978816444375,
    -817.6856024547865,
    -195.71245774015426,
    -126.71648370133343,
    -159.5371470668396,
    0.0,
    -96.53287101278127,
    -579.5851824909079,
    -861.9638781007093,
    0.0,
    -22.607806060457804,
    -357.5071943185551,
    0.0,
    0.0,
    -3.374141997365422,
    -8.253481847204672,
    0.0,
    -166.22742947795032,
    0.0,
    0.0,
    0.0,
    -89.34052825598721,
    -63.45698754032068,
    0.0,
    0.0,
    0.0,
    0.0,
    0.0,
    -177.20774254003874,
    -8.350001803522247,
    -116.03650094184673,
    -345.397712684663,
    -171.65086725150897,
    0.0,
    -15.879431957147665,
    -86.8434332004413,
    0.0,
    0.0,
    -108.9123915301349,
    -47.258429991183405,
    -88.38106514818234,
    0.0,
    0.0,
    0.0,
    -94.99663742034346,
    -125.50278338762192,
    -197.87913928984972,
    -888.6341859697183,
    -56.932960984760626,
    -153.76331713095442,
    0.0,
    0.0159393104469443,
    0.0,
    -18.924413893131433,
    0.0,
    0.0,
    -101.9766141305409,
    0.0,
    -80.88262005101595,
    0.0,
    -39.66041245042127,
    -147.076309121762,
    0.0,
    -104.72520721046668,
    -90.27531365093758,
    0.0,
    -116.26518068504241,
    -143.76045018728368,
    0.0,
    0.0,
    -84.30368655797383,
    -67.5732134643011,
    -52.62994281361004,
    0.0,
    0.0,
    40.0,
    -224.3919039822462,
    0.0,
    -77.26534131819504,
    0.0,
    -82.31176444593157,
    0.0,
    0.0,
    20.0,
    0.0,
    -155.36762575283862,
    0.0,
    -22.853748794744202,
    -145.01989216429044,
    -224.27143087450014,
    9.568139404546297,
    0.0,
    -103.74145997925697,
    10.0,
    -58.959006246006524,
    -131.29355807845045,
    0.0,
    0.0,
    0.0,
    -0.001348463866351901,
    -13.257521330727812,
    10.0,
    0.0,
    0.0,
    -83.48447982862325,
    -109.58686769806324,
    0.0,
    -53.287164126660606,
    -153.6582169670755,
    -45.20718382744063,
    -39.89036605998945,
    0.0,
    0.0,
    -9.415735714309037,
    0.0,
    0.0,
    0.0,
    0.0,
    0.0,
    -0.2264942646036605,
    0.0,
    0.0,
    -187.85715518184432,
    -0.12546651313218082,
    -454.12882543599983,
    0.0,
    -89.24273243472388,
    -12.478911241715151,
    0.0,
    30.0,
    0.0,
    -36.71611012932962,
    -241.07613549917914,
    0.0,
    -3.8874950613602843,
    0.0,
    0.0,
    0.0,
    -108.79906182223426,
    -678.6478258382583,
    0.0,
    0.0,
    -0.8573921079517666,
    -0.15488350445782118,
    0.0,
    0.0,
    0.0,
    -147.02778707893194,
    -629.0577909054738,
    0.0,
    0.0,
    -104.95198906548526,
    -54.35324835722391,
    -1078.8088501609031,
    0.0,
    -1.1831988475667277,
    -66.42294827551223,
    -0.7463563566290132,
    -662.6133336422592,
    0.0,
    0.0,
    -242.863818388906,
    -8.551631895052594,
    0.0,
    -301.00788327962096,
    10.0,
    0.0,
    0.0,
    -68.83302199143463,
    0.0,
    0.0,
    0.0,
    -233.42591396848798,
    0.0,
    -111.60817821732854,
    -378.81655827411714,
    0.0,
    -101.10306209639411,
    -89.77811643199864,
    0.0,
    -30.03275294875589,
    -114.72005223050051,
    0.0,
    -785.6577349671505,
    30.0,
    -2.125781948640321,
    0.0,
    -956.5238875683639,
    0.0,
    -132.8044051083161,
    0.0,
    -135.3039333145617,
    -48.37798247156947,
    -284.02207383702563,
    0.0,
    0.0,
    -75.60787778682837,
    60.0,
    0.0,
    -35.547695599422276,
    0.0,
    -5.593157256258291,
    -157.65869590798354,
    -75.05980360753632,
    0.0,
    -791.8752894473221,
    0.0,
    -404.0496701818039,
    0.0,
    -22.823977247750975,
    -241.11593053284463,
    0.0,
    -855.1641709021546,
    -67.39624091408822,
    0.0,
    20.0,
    0.0,
    -204.84251627286818,
    -1.3454293629834813,
    0.0,
    -262.19946467464075,
    -139.59666405786172,
    -509.6827432769961,
    -266.68929730730235,
    0.0,
    -92.25236041952377,
    -393.30855173075906,
    0.0,
    0.0,
    -91.70486428755919,
    -105.5224170585089,
    -212.19962623167285,
    -3.38734716179568,
    -253.43539049798778,
    -78.30451230914625,
    10.0,
    0.0,
    -125.69851129473918,
    -50.32847926038113,
    -167.409223646497,
    -22.80483942557356,
    -174.66652763960158,
    -52.26056759447229,
    -44.41668283023488,
    -164.41836163104608,
    -119.65756406252126,
    28.65250565372756,
    -98.95551615660852,
    0.0,
    0.0,
    0.0,
    20.0,
    0.0,
    0.0,
    -154.3257463064963,
    -1.4489263328015023,
    20.0,
    -180.37526850195772,
    10.0,
    0.0,
    20.0,
    -6.984930506423259,
    0.0,
    0.0,
    0.0,
    0.0,
    0.0,
    0.0,
    -235.38497660986278,
    0.0,
    20.0,
    0.0,
    30.0,
    -390.69325885571567,
    0.0,
    -86.22465192234108,
    -578.6040517094145,
    0.0,
    30.0,
    0.0,
    -28.38220796681375,
    0.0,
    -53.390067933247536,
    -2.058175478734341,
    0.0,
    0.0,
    0.0,
    0.0,
    0.0,
    -314.5192300658089,
    0.0,
    0.0,
    -122.73361840010905,
    -58.20338950766231,
    -81.67392605428913,
    0.0,
    0.0,
    -0.028128238279666595,
    30.0,
    0.0,
    -61.40416254110976,
    0.0,
    0.0,
    0.0,
    0.0,
    -9.214261582558791,
    0.0,
    0.0,
    0.0,
    0.0,
    0.0,
    0.0,
    0.0,
    -0.11131367575294981,
    -97.84877277316473,
    0.0,
    0.0,
    0.0,
    -37.28127439950066,
    -4.9740600545238625,
    -133.3749735941776,
    -0.7194565627549487,
    -150.82263382925817,
    -64.60688513505649,
    0.0,
    -86.52337165652354,
    -1.4545339919625744,
    0.0,
    -79.07803326107383,
    -42.31444456126182,
    -2.8071543042419718,
    -62.50452213133268,
    0.0,
    -140.74704686605418,
    -450.8738825553312,
    -150.5864828263734,
    0.0,
    -32.46644832751948,
    0.0,
    0.0,
    -38.554949172064404,
    0.0,
    -56.01826678533199,
    0.0,
    -87.13851578347503,
    -379.665046043638,
    -3.156264136940924,
    -23.97163077785941,
    -0.40152117274888766,
    -54.33553574407159,
    0.0,
    0.0,
    -89.17637840425506,
    0.0,
    30.0,
    -0.14316234536740802,
    20.0,
    0.0,
    9.75565726998046,
    0.0,
