{
  "Random": {
    "policy": "Random",
    "mean_reward": 5877517456.24858,
    "std_reward": 1513282520.6975138,
    "mean_delay": 37.28726621160056,
    "std_delay": 4.794091256456731,
    "mean_energy": 271456.29304142104,
    "std_energy": 17030.16410926036,
    "all_rewards": [
      7992954650.434966,
      5795705351.767705,
      6668222386.333845,
      4530516100.6455555,
      4665403311.0834255,
      7364370795.286565,
      7219235479.852504,
      8153818978.117177,
      5825512261.2742405,
      9685293564.914982,
      5606771823.644012,
      6563949901.717496,
      6708500418.837221,
      9357427109.24531,
      4042342466.5037804,
      4064091599.4220285,
      8158315720.461934,
      4408814627.019926,
      4928651274.031511,
      5587858066.928437,
      7063231706.253126,
      3733487017.2658353,
      6894435647.690266,
      4322332527.636334,
      5070833166.34709,
      5996957652.500744,
      5021489379.9389515,
      5016754548.637871,
      4112302703.120058,
      4970377228.276974,
      5653559415.750071,
      8525602315.629405,
      7966601631.972622,
      5542435012.4863615,
      6170291882.798266,
      5005303624.178637,
      4954671855.100346,
      4238509342.2738256,
      4923197032.668529,
      6514441318.022552,
      5709261511.68422,
      4942648492.417615,
      3299421648.6669044,
      5152364863.061212,
      5118923004.183551,
      5509941367.418162,
      4920989942.275656,
      4272999126.560537,
      8368987161.775134,
      7555764798.315501
    ],
    "all_delays": [
      37.94904679048099,
      33.32798005080041,
      43.954861154376374,
      46.68907763695133,
      39.434841731282305,
      38.419067800467616,
      31.444889335361495,
      37.5702079610264,
      41.623366733673336,
      39.72349170944303,
      32.00415545658712,
      38.464357999606364,
      34.299651920556286,
      40.405877153114105,
      30.671805930865254,
      41.08800396740973,
      38.39121237406094,
      27.696910327700056,
      36.06426904261158,
      37.97279263861395,
      33.60736726554336,
      36.56926127092416,
      35.32300593045256,
      34.26253593513678,
      37.71606668222957,
      42.532225260741605,
      34.7177993862106,
      36.57883274753617,
      35.34711446661768,
      39.36486930039361,
      31.69761385075255,
      46.0782454289312,
      35.42508463833692,
      38.17081222957031,
      36.354393751725794,
      30.36986231190081,
      32.22972025249764,
      40.850880300636206,
      46.526830084858005,
      49.88038063324698,
      35.420410753861454,
      39.4041633239018,
      40.78429230732988,
      37.468647541480685,
      31.214813698626678,
      31.87351810920589,
      43.181982994971165,
      39.60966872147189,
      37.00138275273376,
      27.605660933213517
    ],
    "all_energies": [
      285841.10734807176,
      280106.36724970455,
      273659.300685033,
      268168.46946561086,
      253410.36955644068,
      270134.5204063515,
      283914.0281633496,
      290398.13145421,
      250167.6829318105,
      278241.9867818181,
      290290.1144559396,
      281760.0229456549,
      295248.54428085167,
      281732.6145746566,
      284399.44897127146,
      229146.09510361298,
      270303.26413204434,
      247420.07613018955,
      267097.4137177806,
      256937.1385623021,
      291939.8864367071,
      301592.15718477144,
      276791.4900121377,
      258317.7492847554,
      258359.98037281036,
      243837.554840745,
      279517.06543911283,
      238694.08516274687,
      301784.1919051399,
      270921.14139684377,
      293806.53858316387,
      257908.19716482077,
      275896.2927389469,
      252660.2674930201,
      281624.64179015585,
      256841.7504811674,
      263800.0325412681,
      291123.9380487282,
      250277.28197310213,
      272179.7933007389,
      266871.115105151,
      280636.31036281504,
      264588.62014062924,
      249728.51604065468,
      246190.39932169166,
      296915.746669683,
      278811.551022611,
      269593.35902212915,
      281622.7440011124,
      281605.5573169892
    ],
    "execution_time": 6.186323881149292
  },
  "Greedy": {
    "policy": "Greedy",
    "mean_reward": 7927908404.124403,
    "std_reward": 2677986131.8541,
    "mean_delay": 19.649580923047758,
    "std_delay": 2.9574067063738334,
    "mean_energy": 285687.98246241105,
    "std_energy": 20778.063289224327,
    "all_rewards": [
      13457163892.25494,
      5848500859.117308,
      7270999143.7742605,
      10529465680.253513,
      11086968052.44846,
      10602207834.418737,
      6981373871.353237,
      6711304991.733194,
      4538562264.52145,
      7895182154.890748,
      9823655441.234077,
      5146828200.870316,
      13313966832.838612,
      8140991023.503676,
      6753535857.1725235,
      7622026486.891215,
      9714444187.887413,
      6729676749.972851,
      9379639945.987116,
      6319906079.671562,
      10304451485.506634,
      12201252783.764692,
      9619477016.631296,
      2300052834.181462,
      3312135079.358224,
      6596713162.133587,
      8567997201.826501,
      10556863190.078506,
      5079042622.784334,
      7059170218.234729,
      3951277588.305725,
      6829830957.2516165,
      5019204057.902091,
      5745370362.523156,
      8403947758.074251,
      9287085498.855442,
      7110833431.739643,
      4140151740.6915064,
      10589727141.587492,
      13502653736.412481,
      5352641586.052326,
      6347515731.73608,
      8190682311.015839,
      11676851355.149313,
      6596755612.362461,
      7718701772.658102,
      8112224159.172651,
      5657377567.36137,
      12248049465.147583,
      6450983226.925846
    ],
    "all_delays": [
      17.67646044960161,
      20.873868569044557,
      17.44448731421998,
      19.890852426626765,
      15.485051635552352,
      20.388142878950507,
      18.759747091924762,
      18.616972075106943,
      17.914390703090376,
      19.9513412833529,
      17.77669056312216,
      17.067062106123878,
      19.551335222731588,
      23.34870863715543,
      23.790764037985902,
      22.918931854837105,
      17.937095939807342,
      16.848409395263584,
      20.65987480151898,
      17.34695549016435,
      19.011229642445347,
      20.152225619104275,
      22.910344354566583,
      15.594115139163268,
      19.982935822174866,
      17.054360378461702,
      15.738732420429868,
      17.508986338139636,
      27.32688106753399,
      16.715658717395478,
      15.163298004562659,
      22.981225087201263,
      21.80231219291885,
      22.289869792667005,
      18.98730471080815,
      21.292900848704335,
      20.041129637188888,
      18.51746357738211,
      23.63896285464313,
      28.904008232415098,
      19.041120759420302,
      17.559620317355435,
      17.198525892948847,
      16.714647245331467,
      15.878404865260581,
      23.362366802399073,
      21.78436763674641,
      18.221025789803473,
      22.854969645536183,
      20.00291028349869
    ],