{
  "variant": "full_model",
  "best_eval_reward": 1.7033720361590028,
  "final_avg_reward": -40.9100952831621,
  "training_time_minutes": 97.22817865212758,
  "episode_rewards": [
    -77.38555877538707,
    -671.9308353130729,
    -231.02527042560286,
    -114.36959724442099,
    -670.0126615751373,
    -3.6097010977238195,
    -4.831978715950178,
    -97.36898586272545,
    -64.15449220223886,
    0.0,
    0.0,
    0.0,
    0.0,
    0.0,
    -1.56006867831183,
    -58.29038442582427,
    19.954670563620045,
    -256.68590760745167,
    0.0,
    0.0,
    0.0,
    -38.54388551397127,
    0.0,
    0.0,
    0.0,
    0.0,
    0.0,
    0.0,
    20.0,
    -2.4391866148610557,
    0.0,
    0.0,
    -95.18792076945313,
    0.0,
    -309.5646329103892,
    0.0,
    0.0,
    -162.53921331985845,
    0.0,
    -786.2118590214143,
    0.0,
    -74.5598295683321,
    -50.645761445888766,
    0.0,
    0.0,
    0.0,
    0.0,
    0.0,
    0.0,
    0.0,
    -7.249845915017236,
    -75.35590725796159,
    0.0,
    -93.2228008836558,
    0.0,
    0.0,
    10.0,
    0.0,
    -511.3059780674775,
    0.0,
    -105.06223426342818,
    -165.83375029338686,
    -223.46488001493677,
    0.0,
    -253.88010427844344,
    0.0,
    0.0,
    0.0,
    0.0,
    -209.72013728730246,
    -109.14270775692678,
    -271.69773321170527,
    0.0,
    0.0,
    -17.43825757248349,
    -285.38396351880795,
    0.0,
    -51.982981518843445,
    -14.417249372227873,
    0.0,
    -133.8263996125898,
    -62.685753824771574,
    -37.59653000109561,
    0.0,
    -86.1986317761364,
    0.0,
    0.0,
    0.0,
    -9.494830421084028,
    0.0,
    0.0,
    0.0,
    30.0,
    0.0,
    -0.10224760995947824,
    0.0,
    -167.25440662977093,
    10.0,
    0.0,
    0.0,
    -153.76446258181812,
    30.0,
    0.0,
    0.0,
    -9.851296225705951,
    0.0,
    -151.0582363094476,
    0.0,
    0.0,
    -8.020889771778261,
    0.0,
    -97.31828811568458,
    20.0,
    0.0,
    -81.54123586793239,
    0.0,
    0.0,
    0.0,
    -125.41002739882308,
    -118.61093871241475,
    0.0,
    -39.94566194078813,
    0.0,
    10.0,
    -25.809139538139743,
    0.0,
    -100.15909676102876,
    0.0,
    0.0,
    0.0,
    0.0,
    -5.864595371463478,
    -284.95642723593517,
    0.0,
    -121.27344659628203,
    -10.62511101827059,
    0.0,
    0.0,
    -89.92579052062574,
    -61.07255097765102,
    0.0,
    -91.40890044466641,
    -23.92582840933804,
    0.0,
    0.0,
    10.0,
    0.0,
    0.0,
    0.0,
    -16.46863024682618,
    -41.6438477479632,
    20.0,
    -82.9884550902223,
    0.0,
    0.0,
    0.0,
    -29.65158375618247,
    0.0,
    -63.977953918130304,
    0.0,
    -40.32335099152862,
    0.0,
    -18.763142348598933,
    0.0,
    -175.32750361905212,
    0.0,
    -100.0127914162381,
    0.0,
    0.0,
    -48.23258043283586,
    -351.76479882805125,
    0.0,
    0.0,
    0.0,
    0.0,
    -101.52509699536112,
    30.0,
    0.0,
    10.0,
    0.0,
    -159.05893547752396,
    -106.6481768657629,
    0.0,
    -98.12859697014748,
    -137.37046788022764,
    -121.06000164767732,
    0.0,
    0.0,
    -0.06299691715047406,
    0.0,
    0.0,
    0.0,
    -55.49407731449199,
    0.0,
    0.0,
    0.0,
    0.0,
    0.0,
    -103.68086353667252,
    0.0,
    0.0,
    -209.08982015828138,
    -72.67620174370396,
    20.0,
    0.0,
    -48.49695205430543,
    0.0,
    0.0,
    0.0,
    -78.7363472201113,
    -88.83424208927536,
    40.0,
    0.0,
    -285.61515952219736,
    10.0,
    0.0,
    0.0,
    -0.20673075545927122,
    -53.3511049936803,
    0.0,
    0.0,
    0.0,
    0.0,
    10.0,
    0.0,
    0.0,
    0.0,
    -21.94847527260133,
    0.0,
    0.0,
    0.0,
    70.0,
    0.0,
    0.0,
    0.0,
    0.0,
    -84.47953961799368,
    0.0,
    -138.59822851052968,
    0.0,
    40.0,
    -1.2800208809362834,
    56.68212275023487,
    0.0,
    -77.44698170923675,
    2.6666477159541095,
    -0.6051748239572319,
    0.0,
    0.0,
    0.0,
    -33.678391889270394,
    -16.97433923525536,
    0.0,
    -203.92935380195567,
    0.0,
    -127.21496097993085,
    0.0,
    -261.4826253078016,
    -74.14661124041822,
    0.0,
    -319.6822441036561,
    30.0,
    0.0,
    30.0,
    -0.6204059159427577,
    58.53228283081312,
    -207.42696698719394,
    0.0,
    0.0,
    -66.6452818621324,
    -17.548581047934103,
    0.0,
    48.6427272216767,
    0.0,
    -6.4294414374325,
    0.0,
    0.0,
    0.0,
    0.0,
    -89.08472924185011,
    0.0,
    0.0,
    -70.32591880974896,
    0.0,
    30.0,
    0.0,
    0.0,
    -102.52952893376691,
    0.0,
    0.0,
    -91.16067819482426,
    -119.01011589793566,
    25.898014622993077,
    -83.72777734915243,
    -109.7645873290788,
    -40.56186912049224,
    -50.04858342578863,
    0.0,
    -30.680141725844923,
    0.0,
    -25.914454484093156,
    0.0,
    0.0,
    0.0,
    0.0,
    0.0,
    -133.8626589374963,
    0.0,
    0.0,
    0.0,
    30.0,
    0.0,
    0.0,
    0.0,
    0.0,
    0.0,
    0.0,
    -79.06021323474056,
    -56.35938348409066,
    20.0,
    50.0,
    -79.66769726227352,
    0.0,
    -26.993404000566734,
    0.0,
    -279.45189999598927,
    0.0,
    40.0,
    10.0,
    -86.60396613173046,
    0.0,
    0.0,
    20.0,
    0.0,
    -46.72106832510825,
    0.0,
    0.0,
    -104.33281637259253,
    0.0,
    -220.6490325878104,
    0.0,
    0.0,
    0.0,
    0.0,
    0.0,
    0.0,
    -117.80440293268511,
    -221.48037629057615,
    -134.89219256052388,
    0.0,
    -73.65637118688002,
    10.0,
    20.0,
    0.0,
    0.0,
    0.0,
    -221.56156910411832,
    -102.04081154724949,
    30.0,
    -339.6302100112932,
    -3.7100646358399345,
    30.0,
    -75.03800352858161,
    0.0,
    0.0,
    0.0,
    0.0,
    40.0,
    0.0,
    -18.79318720491548,
    30.0,
    -209.05992496618597,
    90.0,
    0.0,
    0.0,
    0.0,
    -602.7305863785966,
    -51.6730410455899,
    0.0,
    11.16683165202662,
    30.0,
    -22.365676237474403,
    0.0,
    0.0,
    0.0,
    20.0,
    30.0,
    0.0,
    0.0,
    60.0,
    0.0,
    0.0,
    -6.8202984268512346,
    -37.98862850444336,
    0.0,
    0.0,
    20.0,
    -21.42891762272207,
    0.0,
    0.0,
    50.0,
    0.0,
    -15.257039406227557,
    10.0,
    20.0,
    -112.74377175266086,
    -95.85121623107908,
    -272.4766006550501,
    -396.92570682434734,
    -23.76401915029835,
    30.0,
    -165.54096908293522,
    -336.85890582291665,
    0.0,
    0.0,
    -129.0867350641389,
    0.0,
    0.0,
    -178.9643580017396,
    30.0,
    -42.743615291940976,
    0.0,
    0.0,
    0.0,
    -81.55230734897523,
    0.0,
    0.0,
    20.0,
    -23.17389553552596,
    -49.0240419353492,
    -117.23572808081036,
    -2.6678694433045713,
    -23.491168127567043,
    -17.941464560840338,
    0.0,
    0.0,
    0.0,
    -1.4924226519984496,
    0.0,
    -82.10066290056646,
    -0.8418685649774493,
    0.0,
    0.0,
    10.0,
    0.0,
    50.0,
    -55.876774146983074,
    0.0,
    0.0,
    30.0,
    -345.95606228889017,
    0.0,
    -103.74843624664521,
    -58.19240281369768,
    20.0,
    0.0,
    0.0,
    0.0,
    0.0,
    0.0,
    0.0,
    0.0,
    20.0,
    0.0,
    0.0,
    0.0,
    -139.51661209313397,
    -226.90304755963882,
    0.0,
    -240.5279186100003,
    -8.985598456484304,
    -17.245615340090566,
    0.0,
    0.0,
    49.989628400945705,
    10.0,
    10.0,
    80.0,
    0.0,
    -56.45821531877916,
    0.0,
    30.0,
    78.73909609061221,
    -91.14582392631219,
    0.0,
    0.0,
    0.0,
    0.0,
