{
  "episode": 301,
  "timestamp": "2025-11-25T18:56:14.778248",
  "reward": -291.40294746866016,
  "critic_loss": 18.4488443699148,
  "actor_loss": -2.01839280128479,
  "success_rate": 0.0,
  "epsilon": 0.2211807388415433
}