{
  "reward": {
    "mean": 73.26118165737857,
    "std": 46.45407378391221,
    "min": -9.004849358975768,
    "max": 149.02342075708492,
    "median": 74.38951957511247
  },
  "delay": {
    "mean": 126.1655197497293,
    "std": 44.465812037723374,
    "min": 50.93174488845544,
    "max": 199.2951295159021
  },
  "energy": {
    "mean": 320.919612094963,
    "std": 114.17927245811845,
    "min": 100.89360921992126,
    "max": 498.68414848034297
  },
  "success_rate": 91.0,
  "qos_violation_rate": 53.0,
  "total_episodes": 100
}