{
  "results": {
    "episodes": [
      0,
      1,
      2,
      3,
      4,
      5,
      6,
      7,
      8,
      9,
      10,
      11,
      12,
      13,
      14,
      15,
      16,
      17,
      18,
      19,
      20,
      21,
      22,
      23,
      24,
      25,
      26,
      27,
      28,
      29,
      30,
      31,
      32,
      33,
      34,
      35,
      36,
      37,
      38,
      39,
      40,
      41,
      42,
      43,
      44,
      45,
      46,
      47,
      48,
      49,
      50,
      51,
      52,
      53,
      54,
      55,
      56,
      57,
      58,
      59,
      60,
      61,
      62,
      63,
      64,
      65,
      66,
      67,
      68,
      69,
      70,
      71,
      72,
      73,
      74,
      75,
      76,
      77,
      78,
      79,
      80,
      81,
      82,
      83,
      84,
      85,
      86,
      87,
      88,
      89,
      90,
      91,
      92,
      93,
      94,
      95,
      96,
      97,
      98,
      99
    ],
    "rewards": [
      148.09318236930432,
      38.83747873607453,
      -4.97564179656651,
      90.98588320961156,
      95.75543548303736,
      120.60326018085954,
      49.441892389272795,
      15.271870365412301,
      39.47322750433847,
      77.91051540391321,
      12.966695209283454,
      97.19633140897605,
      62.746455519905425,
      114.29309576722346,
      50.69835283433715,
      78.93273413505628,
      136.0644104040848,
      63.80067932486341,
      108.01604814803788,
      84.11781269428795,
      136.7891786464273,
      51.74157356241231,
      95.03716350542418,
      147.97532931110294,
      46.01983080602126,
      -9.004849358975768,
      65.66508422966069,
      99.89649234753378,
      60.926946466898954,
      126.75429913566902,
      144.3359375155399,
      141.3516475997599,
      140.9030657093131,
      146.9107518586993,
      -6.069771903993306,
      76.55677495635422,
      80.35033173008877,
      64.74555380270246,
      90.88905122926388,
      90.142959937525,
      124.8581147637048,
      138.21150069806734,
      112.86090317090343,
      84.71723085472948,
      97.2042690183706,
      53.28512327429125,
      134.8418192649277,
      19.63338019676037,
      122.66334656759267,
      121.01007259613209,
      -1.151125342673005,
      16.15500451008378,
      59.812569970297474,
      -6.217059980785926,
      66.66936581237921,
      30.104371503079825,
      96.37677798499305,
      7.501152995944196,
      31.499991706937948,
      26.44042516176961,
      -1.7666697737584691,
      69.38449065249785,
      -5.524530132564038,
      -8.649808827849164,
      45.701307010347136,
      143.868594022376,
      73.97753954971256,
      54.402576918246396,
      58.19619922279281,
      79.96723440219282,
      55.059453212931885,
      79.38645336818195,
      74.80149960051239,
      4.171919025836921,
      91.74343015756878,
      77.84271171163574,
      10.627793585252121,
      23.006462989833594,
      67.57017329244441,
      114.61641935536834,
      -2.6946718420276383,
      149.02342075708492,
      109.80172111340836,
      124.97255951172639,
      107.36067900432133,
      50.03634902480387,
      127.54481765282821,
      137.05160299749136,
      42.29770221739065,
      25.502444257532332,
      9.881787844281735,
      133.9476665943333,
      125.36026103578905,
      28.61040621752572,
      114.8573636369285,
      40.88994320634093,
      55.208771827897095,
      55.10181994615655,
      37.16405217949802,
      137.19191410473914
    ],
    "delays": [
      98.68285736912114,
      90.5611945623466,
      194.6160243078282,
      111.31595433844315,
      181.89181647568827,
      178.0951189475519,
      64.02164757909203,
      138.74462519230872,
      70.9141794033076,
      68.03312361066372,
      117.07511734345061,
      184.06383918744422,
      103.79643234658911,
      70.8980909831507,
      157.6283647602129,
      165.25790116790148,
      120.58130926334587,
      88.68713011739939,
      50.93174488845544,
      186.93345395421977,
      132.25550352860313,
      151.93027053471855,
      68.92924065706666,
      179.00982625872726,
      87.39033784450018,
      181.31186779807786,
      55.3500250804253,
      96.78834252046025,
      69.05220804687112,
      176.41181234904946,
      53.35049967770163,
      63.08994474973671,
      81.3888746938496,
      153.47832624786,
      162.19665956851725,
      123.47517270007526,
      60.347514339105246,
      69.46282493211845,
      178.14493889064602,
      199.06932055281297,
      199.2951295159021,
      117.50671567351505,
      94.43961929117353,
      167.64089115975813,
      106.77242763719087,
      72.77868381758037,
      64.52333943746767,
      148.31050654164824,
      61.066227040493956,
      165.4386490708059,
      148.38811148382922,
      144.51260991576197,
      118.46073679189239,
      148.96066659564997,
      84.4655083945976,
      193.34865488209982,
      85.0233966167682,
      172.21779278522484,
      115.3319093439427,
      69.29684022003403,
      104.12399734573506,
      190.55313611574417,
      139.96166343260455,
      142.98178597865677,
      132.42962047186973,
      92.43577369182725,
      122.15704335943937,
      172.8682737230817,
      172.66542381371966,
      152.5665810236547,
      158.7573943632737,
      60.20691441166029,
      164.19267075020076,
      189.37360082721474,
      103.29940889213023,
      83.25541832338645,
      106.59111898055949,
      171.89433205340936,
      68.57025507556082,
      105.11888691004015,
      78.0419881393883,
      171.42763645321344,
      161.43971732769444,
      190.83294654771143,
      139.47853546871085,
      161.6347936528802,
      82.450026926459,
      51.001826476597536,
      147.81893052662173,
      80.97854304861588,
      149.42555106817701,
      96.27732028240209,
      188.42012770815975,
      121.10805560410472,
      177.2959230505984,
      95.81272784007639,
      169.68102212221646,
      156.25958254176004,
      174.43249879657571,
      125.7890688624185
    ],