episode,total_reward,actor_loss,critic_loss,stage
1,9986.897027800198,-63.980552673339844,358.6341857910156,easy
