{
  "episode": 301,
  "timestamp": "2025-11-25T19:06:27.266416",
  "reward": -721.1239912333723,
  "critic_loss": 21.709122710757782,
  "actor_loss": -3.7177151838938403,
  "success_rate": 0.0,
  "epsilon": 0.2211807388415433
}